グローを表現する方法 - Blender Cycles memo,https://cycles.wiki.fc2.com/wiki/%E3%82%B0%E3%83%AD%E3%83%BC%E3%82%92%E8%A1%A8%E7%8F%BE%E3%81%99%E3%82%8B%E6%96%B9%E6%B3%95/,Blender Cycles memo
グローを表現する方法 - Blender Cycles memo,https://cycles.wiki.fc2.com/wiki/%E3%82%B0%E3%83%AD%E3%83%BC%E3%82%92%E8%A1%A8%E7%8F%BE%E3%81%99%E3%82%8B%E6%96%B9%E6%B3%95/,グローを表現する方法
グローを表現する方法 - Blender Cycles memo,https://cycles.wiki.fc2.com/wiki/%E3%82%B0%E3%83%AD%E3%83%BC%E3%82%92%E8%A1%A8%E7%8F%BE%E3%81%99%E3%82%8B%E6%96%B9%E6%B3%95/,手順
グローを表現する方法 - Blender Cycles memo,https://cycles.wiki.fc2.com/wiki/%E3%82%B0%E3%83%AD%E3%83%BC%E3%82%92%E8%A1%A8%E7%8F%BE%E3%81%99%E3%82%8B%E6%96%B9%E6%B3%95/,Fog Glow の設定について
グローを表現する方法 - Blender Cycles memo,https://cycles.wiki.fc2.com/wiki/%E3%82%B0%E3%83%AD%E3%83%BC%E3%82%92%E8%A1%A8%E7%8F%BE%E3%81%99%E3%82%8B%E6%96%B9%E6%B3%95/,Quality
グローを表現する方法 - Blender Cycles memo,https://cycles.wiki.fc2.com/wiki/%E3%82%B0%E3%83%AD%E3%83%BC%E3%82%92%E8%A1%A8%E7%8F%BE%E3%81%99%E3%82%8B%E6%96%B9%E6%B3%95/,Mix
グローを表現する方法 - Blender Cycles memo,https://cycles.wiki.fc2.com/wiki/%E3%82%B0%E3%83%AD%E3%83%BC%E3%82%92%E8%A1%A8%E7%8F%BE%E3%81%99%E3%82%8B%E6%96%B9%E6%B3%95/,Threshold
グローを表現する方法 - Blender Cycles memo,https://cycles.wiki.fc2.com/wiki/%E3%82%B0%E3%83%AD%E3%83%BC%E3%82%92%E8%A1%A8%E7%8F%BE%E3%81%99%E3%82%8B%E6%96%B9%E6%B3%95/,Size
グローを表現する方法 - Blender Cycles memo,https://cycles.wiki.fc2.com/wiki/%E3%82%B0%E3%83%AD%E3%83%BC%E3%82%92%E8%A1%A8%E7%8F%BE%E3%81%99%E3%82%8B%E6%96%B9%E6%B3%95/,コメントを投稿するには画像の文字を半角数字で入力してください。
グローを表現する方法 - Blender Cycles memo,https://cycles.wiki.fc2.com/wiki/%E3%82%B0%E3%83%AD%E3%83%BC%E3%82%92%E8%A1%A8%E7%8F%BE%E3%81%99%E3%82%8B%E6%96%B9%E6%B3%95/,メニュー
グローを表現する方法 - Blender Cycles memo,https://cycles.wiki.fc2.com/wiki/%E3%82%B0%E3%83%AD%E3%83%BC%E3%82%92%E8%A1%A8%E7%8F%BE%E3%81%99%E3%82%8B%E6%96%B9%E6%B3%95/,Blender & Cycles メモ
グローを表現する方法 - Blender Cycles memo,https://cycles.wiki.fc2.com/wiki/%E3%82%B0%E3%83%AD%E3%83%BC%E3%82%92%E8%A1%A8%E7%8F%BE%E3%81%99%E3%82%8B%E6%96%B9%E6%B3%95/,環境関連
グローを表現する方法 - Blender Cycles memo,https://cycles.wiki.fc2.com/wiki/%E3%82%B0%E3%83%AD%E3%83%BC%E3%82%92%E8%A1%A8%E7%8F%BE%E3%81%99%E3%82%8B%E6%96%B9%E6%B3%95/,モデリング関連
グローを表現する方法 - Blender Cycles memo,https://cycles.wiki.fc2.com/wiki/%E3%82%B0%E3%83%AD%E3%83%BC%E3%82%92%E8%A1%A8%E7%8F%BE%E3%81%99%E3%82%8B%E6%96%B9%E6%B3%95/,レンダリング関連
グローを表現する方法 - Blender Cycles memo,https://cycles.wiki.fc2.com/wiki/%E3%82%B0%E3%83%AD%E3%83%BC%E3%82%92%E8%A1%A8%E7%8F%BE%E3%81%99%E3%82%8B%E6%96%B9%E6%B3%95/,2.8 Cycles マニュアル
グローを表現する方法 - Blender Cycles memo,https://cycles.wiki.fc2.com/wiki/%E3%82%B0%E3%83%AD%E3%83%BC%E3%82%92%E8%A1%A8%E7%8F%BE%E3%81%99%E3%82%8B%E6%96%B9%E6%B3%95/,Camera
グローを表現する方法 - Blender Cycles memo,https://cycles.wiki.fc2.com/wiki/%E3%82%B0%E3%83%AD%E3%83%BC%E3%82%92%E8%A1%A8%E7%8F%BE%E3%81%99%E3%82%8B%E6%96%B9%E6%B3%95/,Nodes
グローを表現する方法 - Blender Cycles memo,https://cycles.wiki.fc2.com/wiki/%E3%82%B0%E3%83%AD%E3%83%BC%E3%82%92%E8%A1%A8%E7%8F%BE%E3%81%99%E3%82%8B%E6%96%B9%E6%B3%95/,Input
グローを表現する方法 - Blender Cycles memo,https://cycles.wiki.fc2.com/wiki/%E3%82%B0%E3%83%AD%E3%83%BC%E3%82%92%E8%A1%A8%E7%8F%BE%E3%81%99%E3%82%8B%E6%96%B9%E6%B3%95/,Output
グローを表現する方法 - Blender Cycles memo,https://cycles.wiki.fc2.com/wiki/%E3%82%B0%E3%83%AD%E3%83%BC%E3%82%92%E8%A1%A8%E7%8F%BE%E3%81%99%E3%82%8B%E6%96%B9%E6%B3%95/,Shader
グローを表現する方法 - Blender Cycles memo,https://cycles.wiki.fc2.com/wiki/%E3%82%B0%E3%83%AD%E3%83%BC%E3%82%92%E8%A1%A8%E7%8F%BE%E3%81%99%E3%82%8B%E6%96%B9%E6%B3%95/,Texture
グローを表現する方法 - Blender Cycles memo,https://cycles.wiki.fc2.com/wiki/%E3%82%B0%E3%83%AD%E3%83%BC%E3%82%92%E8%A1%A8%E7%8F%BE%E3%81%99%E3%82%8B%E6%96%B9%E6%B3%95/,Color
グローを表現する方法 - Blender Cycles memo,https://cycles.wiki.fc2.com/wiki/%E3%82%B0%E3%83%AD%E3%83%BC%E3%82%92%E8%A1%A8%E7%8F%BE%E3%81%99%E3%82%8B%E6%96%B9%E6%B3%95/,Vector
グローを表現する方法 - Blender Cycles memo,https://cycles.wiki.fc2.com/wiki/%E3%82%B0%E3%83%AD%E3%83%BC%E3%82%92%E8%A1%A8%E7%8F%BE%E3%81%99%E3%82%8B%E6%96%B9%E6%B3%95/,Converter
グローを表現する方法 - Blender Cycles memo,https://cycles.wiki.fc2.com/wiki/%E3%82%B0%E3%83%AD%E3%83%BC%E3%82%92%E8%A1%A8%E7%8F%BE%E3%81%99%E3%82%8B%E6%96%B9%E6%B3%95/,Script
グローを表現する方法 - Blender Cycles memo,https://cycles.wiki.fc2.com/wiki/%E3%82%B0%E3%83%AD%E3%83%BC%E3%82%92%E8%A1%A8%E7%8F%BE%E3%81%99%E3%82%8B%E6%96%B9%E6%B3%95/,Group
グローを表現する方法 - Blender Cycles memo,https://cycles.wiki.fc2.com/wiki/%E3%82%B0%E3%83%AD%E3%83%BC%E3%82%92%E8%A1%A8%E7%8F%BE%E3%81%99%E3%82%8B%E6%96%B9%E6%B3%95/,Layout
グローを表現する方法 - Blender Cycles memo,https://cycles.wiki.fc2.com/wiki/%E3%82%B0%E3%83%AD%E3%83%BC%E3%82%92%E8%A1%A8%E7%8F%BE%E3%81%99%E3%82%8B%E6%96%B9%E6%B3%95/,Link
グローを表現する方法 - Blender Cycles memo,https://cycles.wiki.fc2.com/wiki/%E3%82%B0%E3%83%AD%E3%83%BC%E3%82%92%E8%A1%A8%E7%8F%BE%E3%81%99%E3%82%8B%E6%96%B9%E6%B3%95/,Composite Nodes
グローを表現する方法 - Blender Cycles memo,https://cycles.wiki.fc2.com/wiki/%E3%82%B0%E3%83%AD%E3%83%BC%E3%82%92%E8%A1%A8%E7%8F%BE%E3%81%99%E3%82%8B%E6%96%B9%E6%B3%95/,Input
グローを表現する方法 - Blender Cycles memo,https://cycles.wiki.fc2.com/wiki/%E3%82%B0%E3%83%AD%E3%83%BC%E3%82%92%E8%A1%A8%E7%8F%BE%E3%81%99%E3%82%8B%E6%96%B9%E6%B3%95/,Render
グローを表現する方法 - Blender Cycles memo,https://cycles.wiki.fc2.com/wiki/%E3%82%B0%E3%83%AD%E3%83%BC%E3%82%92%E8%A1%A8%E7%8F%BE%E3%81%99%E3%82%8B%E6%96%B9%E6%B3%95/,Render Layers
グローを表現する方法 - Blender Cycles memo,https://cycles.wiki.fc2.com/wiki/%E3%82%B0%E3%83%AD%E3%83%BC%E3%82%92%E8%A1%A8%E7%8F%BE%E3%81%99%E3%82%8B%E6%96%B9%E6%B3%95/,Scene
グローを表現する方法 - Blender Cycles memo,https://cycles.wiki.fc2.com/wiki/%E3%82%B0%E3%83%AD%E3%83%BC%E3%82%92%E8%A1%A8%E7%8F%BE%E3%81%99%E3%82%8B%E6%96%B9%E6%B3%95/,2.7 Cycles マニュアル
グローを表現する方法 - Blender Cycles memo,https://cycles.wiki.fc2.com/wiki/%E3%82%B0%E3%83%AD%E3%83%BC%E3%82%92%E8%A1%A8%E7%8F%BE%E3%81%99%E3%82%8B%E6%96%B9%E6%B3%95/,Camera
グローを表現する方法 - Blender Cycles memo,https://cycles.wiki.fc2.com/wiki/%E3%82%B0%E3%83%AD%E3%83%BC%E3%82%92%E8%A1%A8%E7%8F%BE%E3%81%99%E3%82%8B%E6%96%B9%E6%B3%95/,Nodes
グローを表現する方法 - Blender Cycles memo,https://cycles.wiki.fc2.com/wiki/%E3%82%B0%E3%83%AD%E3%83%BC%E3%82%92%E8%A1%A8%E7%8F%BE%E3%81%99%E3%82%8B%E6%96%B9%E6%B3%95/,Input
グローを表現する方法 - Blender Cycles memo,https://cycles.wiki.fc2.com/wiki/%E3%82%B0%E3%83%AD%E3%83%BC%E3%82%92%E8%A1%A8%E7%8F%BE%E3%81%99%E3%82%8B%E6%96%B9%E6%B3%95/,Output
グローを表現する方法 - Blender Cycles memo,https://cycles.wiki.fc2.com/wiki/%E3%82%B0%E3%83%AD%E3%83%BC%E3%82%92%E8%A1%A8%E7%8F%BE%E3%81%99%E3%82%8B%E6%96%B9%E6%B3%95/,Shader
グローを表現する方法 - Blender Cycles memo,https://cycles.wiki.fc2.com/wiki/%E3%82%B0%E3%83%AD%E3%83%BC%E3%82%92%E8%A1%A8%E7%8F%BE%E3%81%99%E3%82%8B%E6%96%B9%E6%B3%95/,Texture
グローを表現する方法 - Blender Cycles memo,https://cycles.wiki.fc2.com/wiki/%E3%82%B0%E3%83%AD%E3%83%BC%E3%82%92%E8%A1%A8%E7%8F%BE%E3%81%99%E3%82%8B%E6%96%B9%E6%B3%95/,Color
グローを表現する方法 - Blender Cycles memo,https://cycles.wiki.fc2.com/wiki/%E3%82%B0%E3%83%AD%E3%83%BC%E3%82%92%E8%A1%A8%E7%8F%BE%E3%81%99%E3%82%8B%E6%96%B9%E6%B3%95/,Vector
グローを表現する方法 - Blender Cycles memo,https://cycles.wiki.fc2.com/wiki/%E3%82%B0%E3%83%AD%E3%83%BC%E3%82%92%E8%A1%A8%E7%8F%BE%E3%81%99%E3%82%8B%E6%96%B9%E6%B3%95/,Converter
グローを表現する方法 - Blender Cycles memo,https://cycles.wiki.fc2.com/wiki/%E3%82%B0%E3%83%AD%E3%83%BC%E3%82%92%E8%A1%A8%E7%8F%BE%E3%81%99%E3%82%8B%E6%96%B9%E6%B3%95/,Script
グローを表現する方法 - Blender Cycles memo,https://cycles.wiki.fc2.com/wiki/%E3%82%B0%E3%83%AD%E3%83%BC%E3%82%92%E8%A1%A8%E7%8F%BE%E3%81%99%E3%82%8B%E6%96%B9%E6%B3%95/,Group
グローを表現する方法 - Blender Cycles memo,https://cycles.wiki.fc2.com/wiki/%E3%82%B0%E3%83%AD%E3%83%BC%E3%82%92%E8%A1%A8%E7%8F%BE%E3%81%99%E3%82%8B%E6%96%B9%E6%B3%95/,Layout
グローを表現する方法 - Blender Cycles memo,https://cycles.wiki.fc2.com/wiki/%E3%82%B0%E3%83%AD%E3%83%BC%E3%82%92%E8%A1%A8%E7%8F%BE%E3%81%99%E3%82%8B%E6%96%B9%E6%B3%95/,Link
グローを表現する方法 - Blender Cycles memo,https://cycles.wiki.fc2.com/wiki/%E3%82%B0%E3%83%AD%E3%83%BC%E3%82%92%E8%A1%A8%E7%8F%BE%E3%81%99%E3%82%8B%E6%96%B9%E6%B3%95/,Composite Nodes
グローを表現する方法 - Blender Cycles memo,https://cycles.wiki.fc2.com/wiki/%E3%82%B0%E3%83%AD%E3%83%BC%E3%82%92%E8%A1%A8%E7%8F%BE%E3%81%99%E3%82%8B%E6%96%B9%E6%B3%95/,Input
グローを表現する方法 - Blender Cycles memo,https://cycles.wiki.fc2.com/wiki/%E3%82%B0%E3%83%AD%E3%83%BC%E3%82%92%E8%A1%A8%E7%8F%BE%E3%81%99%E3%82%8B%E6%96%B9%E6%B3%95/,Render
グローを表現する方法 - Blender Cycles memo,https://cycles.wiki.fc2.com/wiki/%E3%82%B0%E3%83%AD%E3%83%BC%E3%82%92%E8%A1%A8%E7%8F%BE%E3%81%99%E3%82%8B%E6%96%B9%E6%B3%95/,Render Layers
グローを表現する方法 - Blender Cycles memo,https://cycles.wiki.fc2.com/wiki/%E3%82%B0%E3%83%AD%E3%83%BC%E3%82%92%E8%A1%A8%E7%8F%BE%E3%81%99%E3%82%8B%E6%96%B9%E6%B3%95/,Scene
グローを表現する方法 - Blender Cycles memo,https://cycles.wiki.fc2.com/wiki/%E3%82%B0%E3%83%AD%E3%83%BC%E3%82%92%E8%A1%A8%E7%8F%BE%E3%81%99%E3%82%8B%E6%96%B9%E6%B3%95/,2.6
グローを表現する方法 - Blender Cycles memo,https://cycles.wiki.fc2.com/wiki/%E3%82%B0%E3%83%AD%E3%83%BC%E3%82%92%E8%A1%A8%E7%8F%BE%E3%81%99%E3%82%8B%E6%96%B9%E6%B3%95/,Nodes
グローを表現する方法 - Blender Cycles memo,https://cycles.wiki.fc2.com/wiki/%E3%82%B0%E3%83%AD%E3%83%BC%E3%82%92%E8%A1%A8%E7%8F%BE%E3%81%99%E3%82%8B%E6%96%B9%E6%B3%95/,Input
グローを表現する方法 - Blender Cycles memo,https://cycles.wiki.fc2.com/wiki/%E3%82%B0%E3%83%AD%E3%83%BC%E3%82%92%E8%A1%A8%E7%8F%BE%E3%81%99%E3%82%8B%E6%96%B9%E6%B3%95/,Output
グローを表現する方法 - Blender Cycles memo,https://cycles.wiki.fc2.com/wiki/%E3%82%B0%E3%83%AD%E3%83%BC%E3%82%92%E8%A1%A8%E7%8F%BE%E3%81%99%E3%82%8B%E6%96%B9%E6%B3%95/,Shader
グローを表現する方法 - Blender Cycles memo,https://cycles.wiki.fc2.com/wiki/%E3%82%B0%E3%83%AD%E3%83%BC%E3%82%92%E8%A1%A8%E7%8F%BE%E3%81%99%E3%82%8B%E6%96%B9%E6%B3%95/,Texture
グローを表現する方法 - Blender Cycles memo,https://cycles.wiki.fc2.com/wiki/%E3%82%B0%E3%83%AD%E3%83%BC%E3%82%92%E8%A1%A8%E7%8F%BE%E3%81%99%E3%82%8B%E6%96%B9%E6%B3%95/,Color
グローを表現する方法 - Blender Cycles memo,https://cycles.wiki.fc2.com/wiki/%E3%82%B0%E3%83%AD%E3%83%BC%E3%82%92%E8%A1%A8%E7%8F%BE%E3%81%99%E3%82%8B%E6%96%B9%E6%B3%95/,Vector
グローを表現する方法 - Blender Cycles memo,https://cycles.wiki.fc2.com/wiki/%E3%82%B0%E3%83%AD%E3%83%BC%E3%82%92%E8%A1%A8%E7%8F%BE%E3%81%99%E3%82%8B%E6%96%B9%E6%B3%95/,Convertor
グローを表現する方法 - Blender Cycles memo,https://cycles.wiki.fc2.com/wiki/%E3%82%B0%E3%83%AD%E3%83%BC%E3%82%92%E8%A1%A8%E7%8F%BE%E3%81%99%E3%82%8B%E6%96%B9%E6%B3%95/,Script
グローを表現する方法 - Blender Cycles memo,https://cycles.wiki.fc2.com/wiki/%E3%82%B0%E3%83%AD%E3%83%BC%E3%82%92%E8%A1%A8%E7%8F%BE%E3%81%99%E3%82%8B%E6%96%B9%E6%B3%95/,Group
グローを表現する方法 - Blender Cycles memo,https://cycles.wiki.fc2.com/wiki/%E3%82%B0%E3%83%AD%E3%83%BC%E3%82%92%E8%A1%A8%E7%8F%BE%E3%81%99%E3%82%8B%E6%96%B9%E6%B3%95/,Layout
グローを表現する方法 - Blender Cycles memo,https://cycles.wiki.fc2.com/wiki/%E3%82%B0%E3%83%AD%E3%83%BC%E3%82%92%E8%A1%A8%E7%8F%BE%E3%81%99%E3%82%8B%E6%96%B9%E6%B3%95/,Link
グローを表現する方法 - Blender Cycles memo,https://cycles.wiki.fc2.com/wiki/%E3%82%B0%E3%83%AD%E3%83%BC%E3%82%92%E8%A1%A8%E7%8F%BE%E3%81%99%E3%82%8B%E6%96%B9%E6%B3%95/,Camera
グローを表現する方法 - Blender Cycles memo,https://cycles.wiki.fc2.com/wiki/%E3%82%B0%E3%83%AD%E3%83%BC%E3%82%92%E8%A1%A8%E7%8F%BE%E3%81%99%E3%82%8B%E6%96%B9%E6%B3%95/,Render
グローを表現する方法 - Blender Cycles memo,https://cycles.wiki.fc2.com/wiki/%E3%82%B0%E3%83%AD%E3%83%BC%E3%82%92%E8%A1%A8%E7%8F%BE%E3%81%99%E3%82%8B%E6%96%B9%E6%B3%95/,Render Layers
グローを表現する方法 - Blender Cycles memo,https://cycles.wiki.fc2.com/wiki/%E3%82%B0%E3%83%AD%E3%83%BC%E3%82%92%E8%A1%A8%E7%8F%BE%E3%81%99%E3%82%8B%E6%96%B9%E6%B3%95/,Mitsuba
グローを表現する方法 - Blender Cycles memo,https://cycles.wiki.fc2.com/wiki/%E3%82%B0%E3%83%AD%E3%83%BC%E3%82%92%E8%A1%A8%E7%8F%BE%E3%81%99%E3%82%8B%E6%96%B9%E6%B3%95/,Material
グローを表現する方法 - Blender Cycles memo,https://cycles.wiki.fc2.com/wiki/%E3%82%B0%E3%83%AD%E3%83%BC%E3%82%92%E8%A1%A8%E7%8F%BE%E3%81%99%E3%82%8B%E6%96%B9%E6%B3%95/,Lamps
グローを表現する方法 - Blender Cycles memo,https://cycles.wiki.fc2.com/wiki/%E3%82%B0%E3%83%AD%E3%83%BC%E3%82%92%E8%A1%A8%E7%8F%BE%E3%81%99%E3%82%8B%E6%96%B9%E6%B3%95/,Integrator
グローを表現する方法 - Blender Cycles memo,https://cycles.wiki.fc2.com/wiki/%E3%82%B0%E3%83%AD%E3%83%BC%E3%82%92%E8%A1%A8%E7%8F%BE%E3%81%99%E3%82%8B%E6%96%B9%E6%B3%95/,Sampler
グローを表現する方法 - Blender Cycles memo,https://cycles.wiki.fc2.com/wiki/%E3%82%B0%E3%83%AD%E3%83%BC%E3%82%92%E8%A1%A8%E7%8F%BE%E3%81%99%E3%82%8B%E6%96%B9%E6%B3%95/,Render
グローを表現する方法 - Blender Cycles memo,https://cycles.wiki.fc2.com/wiki/%E3%82%B0%E3%83%AD%E3%83%BC%E3%82%92%E8%A1%A8%E7%8F%BE%E3%81%99%E3%82%8B%E6%96%B9%E6%B3%95/,Mitsuba Integrator Settings
グローを表現する方法 - Blender Cycles memo,https://cycles.wiki.fc2.com/wiki/%E3%82%B0%E3%83%AD%E3%83%BC%E3%82%92%E8%A1%A8%E7%8F%BE%E3%81%99%E3%82%8B%E6%96%B9%E6%B3%95/,Mitsuba Sampler Settings
グローを表現する方法 - Blender Cycles memo,https://cycles.wiki.fc2.com/wiki/%E3%82%B0%E3%83%AD%E3%83%BC%E3%82%92%E8%A1%A8%E7%8F%BE%E3%81%99%E3%82%8B%E6%96%B9%E6%B3%95/,最近の更新
グローを表現する方法 - Blender Cycles memo,https://cycles.wiki.fc2.com/wiki/%E3%82%B0%E3%83%AD%E3%83%BC%E3%82%92%E8%A1%A8%E7%8F%BE%E3%81%99%E3%82%8B%E6%96%B9%E6%B3%95/,2020/03/25
グローを表現する方法 - Blender Cycles memo,https://cycles.wiki.fc2.com/wiki/%E3%82%B0%E3%83%AD%E3%83%BC%E3%82%92%E8%A1%A8%E7%8F%BE%E3%81%99%E3%82%8B%E6%96%B9%E6%B3%95/,2020/03/07
グローを表現する方法 - Blender Cycles memo,https://cycles.wiki.fc2.com/wiki/%E3%82%B0%E3%83%AD%E3%83%BC%E3%82%92%E8%A1%A8%E7%8F%BE%E3%81%99%E3%82%8B%E6%96%B9%E6%B3%95/,2020/03/05
グローを表現する方法 - Blender Cycles memo,https://cycles.wiki.fc2.com/wiki/%E3%82%B0%E3%83%AD%E3%83%BC%E3%82%92%E8%A1%A8%E7%8F%BE%E3%81%99%E3%82%8B%E6%96%B9%E6%B3%95/,Powered by FC2ウィキ 無料wikiレンタル
グローを表現する方法 - Blender Cycles memo,https://cycles.wiki.fc2.com/wiki/%E3%82%B0%E3%83%AD%E3%83%BC%E3%82%92%E8%A1%A8%E7%8F%BE%E3%81%99%E3%82%8B%E6%96%B9%E6%B3%95/,Copyright (c) Blender Cycles memo. All Rights Reserved.
グローを表現する方法 - Blender Cycles memo,https://cycles.wiki.fc2.com/wiki/%E3%82%B0%E3%83%AD%E3%83%BC%E3%82%92%E8%A1%A8%E7%8F%BE%E3%81%99%E3%82%8B%E6%96%B9%E6%B3%95/,このWIKIを編集するにはパスワード入力が必要です
